feature,mean_importance
feature_492,-0.0045383754272039665
feature_354,0.0015634140728586266
feature_325,0.004277457996219791
feature_82,0.011413997141581533
feature_240,0.011730545791132085
feature_108,0.01221749535738692
feature_198,0.013536512733489992
feature_383,0.015343309520518655
