feature,mean_importance
feature_325,-0.0007532631304585591
feature_240,0.005060215877776342
feature_354,0.010122558256867187
feature_82,0.018684174697265844
feature_198,0.01996148792035002
feature_492,0.0373442017227734
feature_108,0.054936522349423124
feature_383,0.07421007687340067
