feature,mean_importance
feature_325,-0.015469842710709147
feature_198,-0.0007892316551928013
feature_240,0.011038736720849585
feature_492,0.011119443723837419
feature_383,0.01638201570287392
feature_108,0.025350722151105898
feature_82,0.027142398954632087
feature_354,0.03252271539821929
