feature,mean_importance
feature_240,0.009414545264984997
feature_82,0.012133970334031362
feature_198,0.01571610774963783
feature_325,0.020389371612273055
feature_492,0.03679603609406168
feature_383,0.054096120052295804
feature_354,0.05582230577213885
feature_108,0.07504704150720017
