feature,mean_importance
feature_325,-0.013605935283466741
feature_492,0.0009431720046270797
feature_198,0.005288165136155753
feature_240,0.014041135605026445
feature_82,0.01559885102469769
feature_383,0.017790433063115275
feature_354,0.01839617457416578
feature_108,0.027198740225846896
