feature,mean_importance
feature_240,-0.006858779644248181
feature_198,0.010900176060172906
feature_325,0.01623895328663394
feature_82,0.02469669193116082
feature_492,0.06258192542003674
feature_383,0.0668335808358587
feature_354,0.0727126821493483
feature_108,0.08145924468746168
