feature,mean_importance
feature_108,-0.011846652721095996
feature_492,-0.005210324390706034
feature_325,0.0037930839910586657
feature_82,0.013786151155467575
feature_354,0.013850982288130042
feature_240,0.015563612720946373
feature_198,0.01607644268470254
feature_383,0.04044087150151661
