feature,mean_importance
feature_240,0.0017028146240773978
feature_492,0.004706780604179017
feature_325,0.006637053867154896
feature_108,0.007831955781211186
feature_198,0.009276206713998892
feature_354,0.009362370671984177
feature_82,0.014430881863396494
feature_383,0.018445267496473062
