feature,mean_importance
feature_82,-0.002488852461192548
feature_198,0.0023397345941491344
feature_240,0.0092075916256946
feature_325,0.011573716418858293
feature_108,0.01919334371392938
feature_354,0.019924046824808195
feature_492,0.031148972142728736
feature_383,0.03829592402926134
