feature,mean_importance
feature_492,-0.0034165099681082054
feature_325,0.00504157994089971
feature_240,0.005298039404788168
feature_383,0.012477282485365305
feature_108,0.014814319515838314
feature_354,0.02088351939998383
feature_82,0.023504445627088442
feature_198,0.027855528209835813
