feature,mean_importance
feature_325,-0.00746013260922076
feature_82,-6.654388099405217e-05
feature_198,0.0025849643769758845
feature_240,0.0070943563227833465
feature_108,0.014807842653920145
feature_383,0.016954879767220942
feature_492,0.019013075615379772
feature_354,0.024608345741858863
