feature,mean_importance
feature_325,-0.016298236895712102
feature_240,-0.014631722740204123
feature_354,-0.012761848728610392
feature_198,0.0020998664362309903
feature_492,0.0048830729449239165
feature_82,0.007821644926587368
feature_108,0.0191038597059374
feature_383,0.028466701752680956
