feature,mean_importance
feature_108,-0.05544442371037852
feature_82,0.035686130670854334
feature_383,0.06337476380561924
feature_240,0.08912706604648894
feature_325,0.10804587163223034
feature_492,0.16310791047793
feature_198,0.2080391369852966
feature_354,0.2576481111012818
