feature,mean_importance
feature_240,-0.13556010070369884
feature_492,-0.05734042701113344
feature_108,-0.020739450478047615
feature_198,-0.007851132582536113
feature_383,0.019355523107901784
feature_325,0.023388003595062566
feature_82,0.04331778768411663
feature_354,0.13331841439363826
