feature,mean_importance
feature_325,-0.008891962855052716
feature_240,0.0007290359562342142
feature_82,0.0021109522746982855
feature_198,0.010139806171557075
feature_492,0.017625400379543188
feature_383,0.019986844659122326
feature_108,0.03346532829323583
feature_354,0.04448172125060039
