feature,mean_importance
feature_492,-0.019044922780884276
feature_325,0.002429383273211272
feature_240,0.0035214788032949195
feature_82,0.008865822380432608
feature_198,0.012486476206222985
feature_354,0.013806695579768791
feature_108,0.01928967913361148
feature_383,0.04205489731292635
