feature,mean_importance
feature_325,0.0004828800805572575
feature_240,0.005692758061311687
feature_108,0.006446504352784599
feature_198,0.009468094529212646
feature_82,0.009679808401310575
feature_383,0.02549638295257648
feature_354,0.034641860908335056
feature_492,0.05095986061374271
