feature,mean_importance
feature_108,-0.018364318204078488
feature_492,-0.015604491847946544
feature_240,-0.001572446193612831
feature_82,0.007208709598137908
feature_325,0.007931518373074242
feature_354,0.016159688176887267
feature_198,0.018011829761587127
feature_383,0.024804912771883347
