feature,mean_importance
feature_492,-0.0006880150679414498
feature_240,0.0007953022576233426
feature_82,0.007049057856935903
feature_325,0.0070671272552765615
feature_354,0.007943328195570087
feature_198,0.013643595797081187
feature_108,0.014984617422220837
feature_383,0.03328321703152746
