feature,mean_importance
feature_325,0.00028496946463116843
feature_108,0.0072055516240486115
feature_240,0.008932144297429967
feature_198,0.01567431129538801
feature_82,0.015989723953889513
feature_383,0.021456956127785663
feature_354,0.03361660915240554
feature_492,0.0398730992703336
