feature,mean_importance
feature_108,-0.017872470053241017
feature_492,-0.01651892619528199
feature_240,0.0018905719509885177
feature_82,0.005787307601186553
feature_325,0.008367536223435801
feature_354,0.01637562724693824
feature_198,0.0226832912097499
feature_383,0.02606003229547458
