feature,mean_importance
feature_82,-0.00587994455739711
feature_354,0.0033135404577256944
feature_240,0.003671902054728271
feature_325,0.012811468289339257
feature_492,0.013694058650155161
feature_108,0.02024445180348473
feature_198,0.02147140841572348
feature_383,0.04377025641700623
