feature,mean_importance
feature_325,0.001524917085268518
feature_240,0.00853131966581866
feature_198,0.009741080432789494
feature_492,0.015704335735308293
feature_82,0.024164637952543623
feature_383,0.028518513158881098
feature_354,0.03364106741048136
feature_108,0.034404360470238336
