feature,mean_importance
feature_198,-0.003843074058213636
feature_240,0.001976516402269901
feature_325,0.014284567431941198
feature_82,0.024451036224625654
feature_108,0.04047843947537324
feature_354,0.0428043008463667
feature_492,0.05893108015045352
feature_383,0.08504068834170012
