feature,mean_importance
feature_325,-0.024774402217312485
feature_492,0.0022493045757785214
feature_198,0.004947134924494079
feature_240,0.02018434949723702
feature_383,0.023622808245831163
feature_82,0.024690971415557473
feature_108,0.028153165332537977
feature_354,0.02970294925824195
