feature,mean_importance
feature_354,-0.002504345585852508
feature_492,-0.000164302440372599
feature_240,0.0014758683944824825
feature_198,0.00199789955425147
feature_108,0.0030940333845269397
feature_383,0.005611427136344993
feature_82,0.006026304935182325
feature_325,0.009343324999643677
