feature,mean_importance
feature_354,-0.007769248616433133
feature_82,-0.0019328210388123602
feature_240,0.009536083959077212
feature_325,0.01747053352300181
feature_383,0.024706582126082677
feature_198,0.03444005388572084
feature_492,0.046054061064502674
feature_108,0.052033772399040945
