feature,mean_importance
feature_240,-0.002724271706135206
feature_325,0.0008107068170218002
feature_82,0.001985875839502671
feature_492,0.005152672668201852
feature_383,0.006583189130292944
feature_198,0.00856075456532317
feature_354,0.01572987323367958
feature_108,0.016133185157593277
