feature,mean_importance
feature_240,-0.02489354222624518
feature_325,0.004155886980199597
feature_354,0.014143219395993256
feature_198,0.016186350928435966
feature_82,0.02251684778776055
feature_108,0.03861087567102335
feature_492,0.04691988186379616
feature_383,0.09414606349413512
