feature,mean_importance
feature_82,-0.005647014338520373
feature_240,0.006339664486928709
feature_108,0.017907222853171433
feature_325,0.02188489748451865
feature_198,0.022211235160391897
feature_354,0.023873340369618946
feature_492,0.03531179337536823
feature_383,0.056129992997590916
