feature,mean_importance
feature_240,-0.010266535463881631
feature_492,-0.006079426999424209
feature_108,-0.0034465202069329016
feature_82,-0.0009206571995752366
feature_383,0.0039459179492851385
feature_325,0.007722046449943764
feature_354,0.008101239597319676
feature_198,0.011500982622547817
