feature,mean_importance
feature_240,-0.00691296759328035
feature_325,0.0011308765987005475
feature_354,0.004961836399407993
feature_82,0.005861224393338404
feature_198,0.006601285010287605
feature_492,0.007317142829210877
feature_108,0.015775458710114452
feature_383,0.023076352678091095
